dea_schedule_highest,n,pct
I,7,.33865505
II,994,48.08902
III,189,9.1436863
IV,769,37.203678
V,108,5.2249637
